장소,이용시간,입장요금,우대할인,특이시설,편의시설,음식점,주변 가볼만한 곳,대중교통 이용방법
코엑스 아쿠아리움,10:00 ~ 20:00,"33,000원","연령별 우대, 장애인 우대, 국가유공자 우대, 군인 등","머메이드쇼(월 휴무), 동물 식사시간, 진주 수확 체험, 2023 옥토넛과 함께~!","아기띠 대여, 안내데스크, 유아휴게실, 유모차대여소, 안전상황실, 고객센터",-,"코엑스, 현대백화점, 선정릉","2호선 삼성역, 9호선 봉은사역, 7호선 청담역"
아쿠아플라넷 63,10:00 ~ 19:00,"27,000원","연령별 우대, 장애인 우대, 국가유공자 우대, 문화누리카드, 아쿠아플라넷 연간이용권 소지자, 한화리조트 레포츠카드, 문화가 있는 날","생태설명회, 인어공주의 로멘틱 공연",-,-,"63아트, 여의도 한강공원, 더현대서울, IFC몰","평일 무료셔틀버스, 1호선 대방역, 5호선 여의나루역, 5호선 여의도역, 9호선 샛강역"
롯데월드 아쿠아리움,"[평일(월~목)] 10:00 ~ 20:00, [금, 주말, 공휴일] 10:00 ~ 22:00","35,000원","연령별 우대, 장애인 우대, 국가유공자 우대, 홈페이지 회원 우대 등","바다 숲 구조대, SOS 해양 구조대, 물고기 도시락, 나만의 수조 만들기, 스타트 마린 프렌즈, 메인수조 피딩스테이션 먹이주기, 아쿠아 패밀리 캠프","안내데스크, 유아휴게실, 장애인 휠체어 대여","Sea Table, Weeny Beeny, Café the Ocean, Sweety Box","롯데월드, 롯데백화점, 석촌호수, 잠실한강공원, 올림픽공원",2·8호선 잠실역 1번 출구
아쿠아플라넷 일산,10:00 ~ 18:00,"31,000원","연령별 우대, 장애인 우대, 국가유공자 우대, 문화누리카드, 한화복지카드, 플라자호텔 멤버쉽, 한화리조트 레포츠카드, 아쿠아플라넷 연간이용권 소지자, 문화가 있는 날","생태설명회, 엘리스의 신비한 마법여행, 스카이팜 건초 체험",-,아쿠아카페,"일산호수공원, 라페스타 문화의거리, 현대백화점, 킨텍스, 현대 모터스튜디오 고양",080번 마을버스
아쿠아플라넷 광교,10:30 ~ 19:30,"30,000원","연령별 우대, 장애인 우대, 플라자호텔 멤버십, 한화리조트 레포츠 카드, 한화복지카드","생태설명회, 머메이드쇼, 뮤직쇼, 도슨트 투어 프로그램, 가오리 먹이주기 프로그램, 메인수조 먹이주기 체험, 투명보트 탑승 체험, 해파리 교육프로그램",-,청수당 해림,"광교호수공원, 수원컨벤션센터, 롯데아울렛",신분당선 광교중앙역
플레이아쿠아리움 부천,10:00 ~ 18:00,"30,000원",연령별 우대,"빌리의 바다여행, 터치관, 맹수 먹이 주기 체험, 잉어/거북이 먹이주기체험, 씨워커, 아쿠아 매직쇼",-,-,"웅진플레이도시, 볼베어파크, 상동호수공원, 부천영상문화단지","7호선 삼산체육관역, 상동역"
경포아쿠아리움,"[평일] 10:00 ~ 18:00, [주말, 공휴일] 10:00 ~ 19:00","20,000원","연령별 우대, 장애인 우대, 국가유공자 우대","눈높이에 맞춘 해설 진행, 생물 식사시간, 먹이주기 체험",휠체어 대여,카페 다로,"경포호, 아르떼뮤지엄, 허균·허난설헌 기념공원, 강문해변","202, 202-1, 202-1, 207 버스"
대전아쿠아리움,"[평일] 10:00 ~ 18:00, [주말] 10:00 ~ 19:00","23,000원","연령별 우대, 장애인 우대","다이버의 수중탐사시간, 터치풀, 비단잉어 먹이체험, 닥터피쉬체험관, 악어쇼관람관, 체험동물원먹이주기체험, 조류체험장, 인어공주 관람","유모차 대여, 휠체어 대여","맘스터치, 유끼, 커피반",보문산대공원,802 버스
대전엑스포아쿠아리움,10:30 ~ 19:00,"29,000원","연령별 우대, 장애인 우대, 국가유공자 우대","블랙스완, 피딩쇼, 마술쇼, 5D영화관, 바다탐험보트, 씨워커, 스쿠버다이빙, VR, 종이접기, 아쿠아랜드 체험, 비단잉어 먹이주기체험, 프로포즈 이벤트",-,-,"신세계백화점, 국립중앙과학관, 엑스포 과학공원, 한밭수목원","3, 특구1, 121, 705, 911 버스"
다누리아쿠아리움,"[평일] 09:00 ~ 18:00, [성수기] 09:00 ~ 19:00 (월요일 휴관, 월요일이 공휴일인경우 정상운영)","10,000원","연령별 우대, 자매결연도시 주민 우대",낚시박물관,-,-,"단양생태 체육공원, 고수동굴","160, 161, 170 등 버스"
SEA LIFE 부산아쿠아리움,"[평일] 10:00 ~ 19:00, [주말, 공휴일] 10:00 ~ 20:00","30,000원","어린이, 영유아 우대","먹이주기 공연, 바다마법사와 인어공주 이야기, 상어 생태 설명회, 상어투명보트, VR체험존 등",휠체어 대여,-,해운대 해수욕장,"139, 307, 1003 버스, 부산2호선 해운대역"
아라마루 아쿠아리움,"[평일] 10:00 ~ 18:00, [토, 일] 09:30 ~ 18:00","27,000","연령별 우대, 장애인 우대, 국가유공자 우대, 사천시민 우대","3D상영관, 수달가족의 먹이시간, 물범 먹이시간, 슈빌 생태설명회, 하마 생태설명회, 심해관 수중피딩, 아라마루체험프로그램 등","유모차 대여, 휠체어 대여, 수유실, 물품보관함",아라마루 푸드코트,"아라마루 랜드(동물원, 회전목마, 대관람차), 사천 케이블카, 대방진굴항","셔틀버스 운행, 106, 194 등 버스"
대구아쿠아리움,"[월~목] 10:30 ~ 20:00, [금~일] 10:30 ~ 20:30 (월 1회 월요일 휴관)","29,000원","연령별 우대, 장애인 우대, 국가유공자 우대, 임산부 우대, 군·경·소 우대, 생일자 우대 등","간식주기 체험, 닥터피쉬 체험, 안녕 인어, 바다친구 맘마쇼","수유실, 신세계백화점 내 편의시설 이용(물품보관함, 유모차 대여, 휠체어 대여)",-,신세계백화점,대구1호선 동대구역
울진아쿠아리움,"09:00 ~ 18:00 (동절기 17시 종료), 매주 월요일 휴관(공유일은 정상 운영)","7,000원","연령별 우대, 군인 우대 등",아쿠아리스트와 함께하는 피딩타임,"유모차 대여, 휠체어 대여",-,"울진왕피천공원, 망양정해수욕장",-
아쿠아플라넷 여수,"[주중] 09:30 ~ 19:00, [주말] 09:30 ~ 19:00","33,400원","연령별 우대, 장애인 우대, 인근거주시민 우대","수중홀로그램 '바다별 여행', 생태설명회, 아쿠아X보트, 캔들만들기 체험","유모차 대여, 휠체어 대여","아쿠아테라스, 아쿠아카페","엑스포공원, 아이뮤지엄, 아르떼뮤지엄 자산공원",여수엑스포역에서 도보 15분
아쿠아플라넷 제주,09:30 ~ 19:00,"42,400원","연령별 우대, 장애인 우대, 국가유공자 우대","메인 수조 식사시간, 제주 해녀 물질 시연, THE OCEAN(SEA OF FANTASY), 생태설명회 등",휠체어 대여,아쿠아카페,"유민 아르누보 뮤지엄, 섭지코지, 신양섭지해수욕장",295 버스
