장소,이용시간,입장요금,장비렌탈,의류렌탈,눈썰매장,우대할인,특이시설,음식점,편의시설,주변 가볼만한 곳,셔틀버스,대중교통 이용방법
곤지암리조트,[~12/22] 09:00~24:00,"64,000~93,000원","18,000~34,000원","17,000~32,000원","[주중] 23,000원 / [주말] 28,000원","연령에 따른 우대, 국가유공자 우대, 장애인 우대,  지역주민 우대, 심야 우대, 온라인 회원, 강습 이용 시","패밀리 스파, 게임 캠프, 스포츠 센터, GIFT SHOP, 휘트니스 센터","담하, 마라시아, BBQ, 푸드코트, 소담소담, 콘타이, 멘무샤, 포레스트릿, 정상휴게소, 라그로타, 베스킨라빈스, 제주스, 스태프 핫도그, 크래프트 한스, 카페 라운지","GS25, 셀프편의점",-,잠실역 왕복 유료셔틀,경강선 곤지암역
지산리조트,[~12/14] 09:00~23:00,"60,000~88,000원","17,000~33,000원","15,000~30,000원","15,000~20,000원","연령에 따른 우대, 장애인 우대, 중고생/수험생, 생일자, 온라인예매",어린이 스키학교,"지산카츠, 병천순대, 설매, 황제짬뽕, 콘도식당, 부산할매 가마솥국밥, 전망대스낵, 분식센터, 장터스낵, 장터분식, 푸드파크, 버거킹, 뉴욕핫도그, 맘스터치, 프레시에또","GS 편의점, 세븐일레븐","한국민속촌, 용인 자연 휴양림, 와우정사, 한택 식물원, 청계목장, 에버랜드, 덕평공룡수목원, 자연나라, 별빛 정원 우주, 세라피아, 설봉공원, 테르메덴",없음,12번 버스
엘리시안 강촌,"[주중] 09:00~24:00 / [금, 토, 공휴일 전일] 09:00~03:00","55,000~95,000원","29,000~38,000월","20,000~34,000원",요금정보없음,"어린이 우대, 장애인, 국가유공자, 대입수험생","캠프파이어, 당구장, 골프연습장, 캠핑파크, 꽃가람정원, 검봉 국민의 숲, 사우나, GAME ZONE, 휘트니스센터, 앙상블, 키즈파크, 굿서비스센터, 스키라운지","그랑셰프, 아라비스타, 인생닭갈비, 오데움, BBQ, 비어가든, 스노우가든, 청춘반점, 보샬레, 알프하우스, 원더버거",GS25,남이섬,무료셔틀 https://www.elysian.co.kr/gangchon/enjoyElysian/roadMap_free_230210.asp,경춘선 백양리역
비발디파크,08:30~22:30 (새벽운영시~03:00),"60,000~90,000원","30,000~43,000원",전화연락필요,"42,000~47,000원","연령에 따른 우대, 국가유공자, 장애인, 지역주민, 투숙객",스키학교,"시골장터, 월드스넥, 설빙, 스타벅스, 버거킹, 동문 익스프레스, 카페테리아",-,-,유료셔틀(버스라인 031-765-7965) https://www.sonohotelsresorts.com/front.customer.notice.vpNoticeView.dp/dmparse.dm?nttId=14933&isNotice=N,-
알펜시아,09:00~17:00 (야간운영시 ~21:30),"41,000~80,000원","28,000~47,000원","10,000~30,000원","6,000~42,000원","연령에 따른 우대, 장애인, 국가유공자, 수험생, 용띠, 지역주민",스키학교,"육대장, 용우동, 자연이야, 대관령한우촌, BBQ, 시골밥상, 만석, 기소야, 도미노피자, 롯데리아, 베스킨라빈스, 엔제리너스, 알펜라운지, 클라우드",CU편의점,-,유료셔틀 https://www.alpensia.com/guide/directions-public.do,경강선 KTX 진부역 (진부역-알펜시아 무료셔틀운영)
오크벨리,"09:00~16:30(야간운영시 ~22:00, 야간연장시 ~23:30)","55,000~70,000원","25,000~30,000원",전화연락필요,없음,"국가유공자, 군인, 경찰, 소방관, 지역주민",스키/보드 스쿨,"포레스트, 퀴즈노스, 파파존스, 놀부부대찌개, 이삭토스트, 애플레스토랑, 힐스카페, 국대떡볶이, 카페테리아, 씨부떡, 서가원김밥, 제스트","플라워휴게소, 버드휴게소",-,없음,강릉선/중앙선 KTX 서원주역
오투리조트,09:30~16:30 (야간운영시 ~21:30),"42,000~56,000원","18,000~23,000원","14,000~18,000원","5,000~18,000원","어린이 우대, 투숙객, 지역주민",스키학교,"오즈카페테리아, 가야수, BHC치킨, 히코코",CU편의점,-,없음,-
용평리조트,"09:00~17:00 (야간운영시 ~22:00, 심야운영시 ~23:30)","53,000~95,000원","30,000~58,000원","17,000~40,000원","7,000~28,000원","어린이 우대, 장애인, 강원도민, 회원",스키스쿨,"커피엠스테이블, 브루어리엠, 용평츄러스","스키수리실, 헬멧대여소",-,유료셔틀 (경기대원고속관광 02-2201-7710),강릉선 KTX 진부역 (진부역-모나용평 무료셔틀)
하이원 리조트,09:00~22:00,"58,000 ~ 100,000원","27,000~54,000원",전화연락필요 033-591-2550,"15,000~18,000원","경로, 국가유공자, 장애인, 지역주민, 투숙객, 직업군인, 경찰, 소방관, 외국인, 회원","스노우랜드, 실내 롤러장, 실내양궁장, 우주상영관","퀴즈노스, 미스터피자, 엔제리너스, 맘스터치, 놀부보쌈",-,-,유료셔틀 https://www.high1.com/www/contents.do?key=945,태백선 KTX 고한역
휘닉스파크,09:00~22:00,"60,000~140,000원","15,000~80,000원","18,000~60,000원","50,000원","회원, 투숙객, 회원",스노우 스쿨,"스노우파크 라운지, 몽블랑 카페, 스노우 빌리지 라운지, 로맨스 힐, 롯데리아",CU편의점,-,유료셔틀 (대원관광 02-2201-7710),강릉선 KTX 평창역 (평창역-휘닉스파크 셔틀운영)
덕유산 리조트,"09:00~22:00 (새벽운영시 07:00~, 자정운영시 ~24:00)","48,000~111,000원","28,000~33,000원","16,000~19,000원","16,000원","연령에 따른 우대, 국가유공자, 장애인, 회원","스키스쿨, 유로번지, 테니스장, 족구장, 야구연습장, 미니레일기차","만선한식당, 만선스낵, 만선카페테리아, 하이디하우스, 키즈스낵, 피자스톰, 바&스낵, 설천봉레스토랑, 돌체 레스토랑, 아딸카페, 델피크리에이트, 야미바베큐","CU편의점, 스키보드 수리튜닝실",-,유료셔틀 https://www.mdysresort.com/guide/alliance_bus_way.asp,무주공용버스터미널/덕유산국립공원사무소 - 덕유산리조트 무료셔틀
에덴벨리 리조트,13:30~23:00,"66,000~85,000원","26,000~34,000원","19,000~23,000원","19,000원","어린이 우대, 헌혈증",스키학교,"푸드코트, 맘스터치, 카페밸리, 푸드코너, 푸드트럭, 야외바베큐","에덴마트, 온천사우나&찜질방, 코인세탁방, ",-,없음,양산 1000번 버스
