장소,이용시간,입장요금,특이시설,주변 가볼만한 곳,인기동물,편의시설,우대할인,대중교통 이용방법
서울대공원,[간절기] 09:00 ~ 18:00,"5,000원","어린이동물원, 동물생태설명회","서울랜드, 서울대공원산림욕장, 서울대공원 캠핑장, 국립과천 과학관, 렛츠런파크, 국립현대미술관 과천","로랜드 고릴라(우지지, 고리나), 피그미하마(하몽, 나몽)","코끼리열차, 리프트, 동물원 무료 순환 버스, 고객도움터, 물품보관함, 아기 쉼터, 유모차 및 휠체어 대여소","연령에 따른 우대, 장애인 우대, 국가유공자, 참전용사, 다자녀 가정 지원 카드 소지자","4호선 대공원역 1, 2, 3번 출구"
어린이대공원,10:00 ~ 17:00,무료,동물먹방LIVE,뚝섬유원지,얼룩말(세로),"유아차 대여소, 수유실, 고객안내센터, 휠체어",없음(무료),"2호선 건대입구역, 5호선 아차산역 4번 출구, 7호선 어린이대공원역 1번출구"
에버랜드 주토피아,10:00 ~ 18:00,"68,000원","사파리 월드, 로스트 밸리 (앱으로 예약)","캐리비안 베이, 스피드 웨이, 삼만육천지, 호암미술관, 포레스트캠프",판다(푸바오),"안내견·도우미견 입장 안내, 장애인 전용 주차장, 전기차 충전소, 수소충전소, 유모차 및 웨건 대여, 베이비 서비스, 휠체어 및 전동휠체어 대여, 물품보관함, 손님상담실, 보조배터리 대여","연령에 따른 우대, 장애인 우대, 국가유공자 우대, 3자녀 이상 가정 우대, 임산부 우대",에버라인 전대·에버랜드역에서 셔틀버스 이용
대전오월드 쥬랜드,09:30 ~ 17:40,"17,000원 (사파리 이용시 34,000원)","버드랜드, 생태설명회 이벤트, 사파리여행-아프리카","대전오월드, 사정공원, 뿌리공원, 한국효문화 진흥원",한국늑대,"유모차/휠체어 대여소, 수유실, 의무실, 고객지원센터, 물품보관소, 연간회원센터","연령에 따른 우대, 장애인 우대, 국가유공자 우대, 명예시민 우대","115, 301, 311, 314, 315, 318 버스 이용"
전주동물원,[하절기] 09:00 ~ 19:00,"3,000원",동물생태해설 프로그램,"전주드림랜드, 한국소리 문화의전당, 전주실내인라인롤러경기장, 전라북도어린이 창의체험관","수달(수수, 다달이)","미아보호소/분실물센터, 유모차 및 휠체어 대여","연령에 따른 우대, 장애인 우대, 국가 및 독립유공자, 의사상자, 병역명문가","999, 165 버스 이용"
우치동물원,09:00 ~ 18:00,무료,"동물생태해설[신청], 방학 동물교실[신청], 동물원 직업탐방교실","광주패밀리랜드, 패밀리랜드 카라반 캠핑장","북극여우(북진, 극진)","수유실, 인포메이션",없음(무료),"매월26, 지원15, 금남57, 용전86, 용전184 버스 이용"
쥬쥬동물원,"10:00 ~ 19:00 (매주 월 휴무, 월 공휴일 시 정상영업)","15,000원",동물 먹이 체험,"쥬쥬랜드(숲학교, 트리클라이밍, 숲속우주선), 고양로봇박물관",악어(샴),"수유실, 인포메이션, 유아시설(놀이방), 미아보호소, 유실물센터",24개월 미만 아이 무료,"85, 038, 1082 버스 이용"
청주랜드 동물원,"09:00 ~ 18:00 (매주 월, 1월 1일, 설날, 추석 휴관)","1,000원","동물교실, 청소년 진로체험, 스탬프 투어","청주랜드(어린이회관, 체험학습), 국립청주박물관, 명암유원지",사자(바람이),-,"연령에 따른 우대, 장애인 우대, 아이사랑카드, 국민행복카드, 그린카드, 청주사랑카드 발급자, 다자녀 가정, 국가유공자, 독립유공자, 참전유공자, 고엽제후유증 환자, 5.18민주유공자, 특수임무유공자, 의사상자, 국군포로 송환자 등",862-1 버스 이용
진양호동물원,[하절기] 09:00 ~ 18:00 (매주 월 휴관),"1,000원",어린이동산,"진양호공원(전망대, 둘레길, 아천 북카페, 물빛 갤러리 등), 진주민속소힘겨루기경기장, 노을공원","벵갈호랑이, 불곰",-,"연령에 따른 우대, 군인 우대","270, 300, 300-1, 301, 301-1 버스"
인천대공원 어린이동물원,"10:00 ~ 17:00 (매주 월, 1월1일, 설, 추석 휴관)",무료,"어린이 동물교실, 도장 여행","인천대공원(인천수목원, 환경미래관, 목재문화체험장, 너나들이캠핑장 등), 소래습지생태공원",,-,없음(무료),인천지하철 2호선 인천대공원역(남문)
